/*
SQLyog Ultimate v12.5.1 (64 bit)
MySQL - 10.4.22-MariaDB : Database - db_tokosayur
*********************************************************************
*/

/*!40101 SET NAMES utf8 */;

/*!40101 SET SQL_MODE=''*/;

/*!40014 SET @OLD_UNIQUE_CHECKS=@@UNIQUE_CHECKS, UNIQUE_CHECKS=0 */;
/*!40014 SET @OLD_FOREIGN_KEY_CHECKS=@@FOREIGN_KEY_CHECKS, FOREIGN_KEY_CHECKS=0 */;
/*!40101 SET @OLD_SQL_MODE=@@SQL_MODE, SQL_MODE='NO_AUTO_VALUE_ON_ZERO' */;
/*!40111 SET @OLD_SQL_NOTES=@@SQL_NOTES, SQL_NOTES=0 */;

/*Table structure for table `tb_auth` */

DROP TABLE IF EXISTS `tb_auth`;

CREATE TABLE `tb_auth` (
  `user_id` int(11) NOT NULL AUTO_INCREMENT,
  `email` varchar(100) NOT NULL,
  `password` varchar(255) NOT NULL,
  `status` int(11) NOT NULL DEFAULT 0,
  `role` int(11) NOT NULL DEFAULT 2,
  `aktivasi` varchar(255) DEFAULT NULL,
  `otp` varchar(255) DEFAULT NULL,
  `expired_otp` varchar(255) DEFAULT NULL,
  `created_at` int(11) NOT NULL DEFAULT 0,
  `is_deleted` tinyint(1) NOT NULL DEFAULT 0,
  PRIMARY KEY (`user_id`)
) ENGINE=InnoDB AUTO_INCREMENT=18 DEFAULT CHARSET=utf8;

/*Data for the table `tb_auth` */

insert  into `tb_auth`(`user_id`,`email`,`password`,`status`,`role`,`aktivasi`,`otp`,`expired_otp`,`created_at`,`is_deleted`) values 
(5,'admin@tokosayur.com','$2y$10$31CQBgl.x.HsutNvGn6IaucdHM8tpyp4/ymL4qF7IpYm4T/QBGTYO',1,1,'0f49f2360cfbcfb6f0e033f40faff81437ba612bf45b15ebdba9497ccff2d2488c7b7adb89b011b4aec44e01c2647c22f1d9d91d92aa17c14dbaa1b7bc9ce7fcn5d3vWDzwKCfCnKRYtG8m8A+2svUN8hIQ3JOJcN96bw=','eda15e5c1f2778f0a2b8323f0914ca8fcc530e55fef4e5d9ad4e6d214509ac3f3bcac94d55d994942c54cb9ba79fcf068bf8c8422f89d0c8b5b45e2a4a917b6b8fo6H+TYmVxHfBFhrWLw0TlJ9VfhB8+I1QBjLQN73Vo=','1653839610',0,0),
(6,'mahendradwipurwanto@gmail.com','$2y$10$wx7x9ndaPAKvB6MG.CP75uazGTc2IxW5cPP4e1bCqe4InPUEDdcsC',1,2,'c209cb53caf5e85f3bad79c9f072f32de5aaeeab1127009dd773050e493e28a55741673124cf738ad826399314b911407bc9702bd3261319aec7832c859b162bYSyyhuOvW0PrYvK/rem8JU+U8orOHN/KJLWjcY8hi/Y=','8b978d7c46cc3eca0eb162184cb6093a98750f78e28eadd2bff63c552eca25c7243fe58b2702991a4ab8e5b41a8c69ffd74e0fefa6621f5d82edd67c9878d9c3DPfade2y/BsBRxWFiGeJp2V4KOIpydkNvrFNGMMJrBA=','1657083370',1656229653,0),
(7,'','$2y$10$KRJVZjN5QpQrJToVP6yCpOLZsex3Fr4KurRRWbNyEamJTlbrfYD3W',1,2,'73fd11916b0c555f24072d675fef38d528cfc97a101b9784fbd0de88a31178bfca4a3191a5add46e2dc79831fd17306f85b1d803387282ee6ff2fab6aedf9d6csW+5U4iPLkLLWxjzV1XmjWUOzkI1CxjqALV3Hy2R8V4=','c2bf26113ef641be2d7b0970ae8d11f3e8973c5534a7d1f45e766e6605d4d4256df8e64d87567f721693f837f4dc2d54d2af7d041dab835a5fa9df5b40a40bc1IGisc6bVyuPV9lFdWxiZFr4zh7JaXSuUneulY+5QZUQ=','1660207564',1659951964,0),
(8,'daniareta.02@gmail.com','$2y$10$WSWXrhE11.jSdgYLATrXEuW4YVcZJS45EUfhDhtG5Zfc3bKc3OIue',1,2,'bf9e0ec94699d38c831626685aeabf17a40c68c866b8956bf1a6f0ffcd966b5162a9ef185d45c0b424140a83d650a1ecf995e0266690e0ddb5a10afffa560d8dCfF+ZZPZO8WHCQwiGzLF8V65Flj0JtnXIOQX/KIW15w=','4e7936ba244bae93d6f3c5d840771a9680556a4553e4b52c15369b9a1848f188153b5c1d12f8cf66da154c4f55d0520c77f0675d0a870f5eaf4a51e8a0794f6bUsDOy80jV/rK/MuRayB3BCiFauZ4b8c4MRyryXnKDjA=','1659968489',1659968400,0),
(9,'adityaismail73@gmail.com','$2y$10$CNFUNxG6BrtFB5c2MO17WeLg3NVUCSaIkoJtXLdrBNs0EOQZSbZmC',1,2,'026336465939983e84e4df04af2327e6df1447ec17a0dad0f898be7a3231c7492f245c20910968be72bd59c5387677b653c7e0b5ce7d51704eb85ff54b7870ece6dSj1K9zOI+BGcPiDV1cbfMO7hF+1KqUIPJDcv+mtg=','810c4bbbc931a5da924db00981ae595594acdbc7cc0c2146596beca0fcdb04c641130b082eea6e4df6205b0d8ba2e8a67e16328d138faf096173c0aa2a82fca4veSLDl1LEXvOOKE36iKh/O+YiJsuFiXJzgogD6wXAQs=','1659968847',1659968797,0),
(10,'rulycb96@gmail.com','$2y$10$TPIawrMPZ.v/sZtGX1tUfe74ZAdkBV0sTRHSn0DxIHwjbJR5Xto8G',1,2,'3f0c5742f1b2ce670b8eecedb11593fbafa53f5b20678227baed74b6259e08cb2a6e48d1d94bf452b38ec4652f0d5fa27fc8be17999e4e41c68a2bfec74d9f68AeJKFYTePEmRRG9y2tjF3gVhCyeSsoB/QZPfcS91C34=','96c92330b9462c0cf19219ccf426b4752dfee76a01bdc8e993464fca96eb738a3fcf9f9256ba11b7161d554253db34467d15c4bf588ac6d394ae6eb34bf04f7a/9z756CQ/ekUlD0wHlG5RaibBXLQqknuXbMUxbSxa2I=','1659969274',1659969051,0),
(11,'adityagejospes123@gmail.com','$2y$10$3SlzlsrC7DzLySgJ9vb7j.OVA9mjX/d9vSXY3ynU3jr0e9L5njUA6',1,2,'078bd82cddb4d38c4b7056b9240593a4884278169e0c708fe69e3a8eb44d8844545e7940480852c99d4e0db491bcf0f10c0c52f29525570e2209bdb6dcb0b9137eUjLEAQnK2Fx72tmJT7BGNQ+mdpGLUOoz+FfO/Duyc=','3a9ff2600c90bc31511be140c318f527f3b68130cf85ea8dd744d3a248322e278bdf225fa4bbb51d5e1e5fc779433e6d00039928f8131d0870eb5877450efcd7vcEt0zCBeNOLe8HyfWEU4SXURocBhV8Tvx6Q3lgRFXI=','1659969712',1659969668,0),
(12,'mulya.kebonarum@gmail.com','$2y$10$i3wvYPrz5tsf5xKqg3vLAeWFCaMfeSflyJIFXJkEP00HLsmaujNnm',1,2,'e0077361cae4a7be30759edfccdd467dc809fca983134fd7b1ad7db938a59761ca2e980694dd07c7bf332f428a188b3b04be23be13c111090dee137e0fcedb73tTOKzffyxhWx/LCIslgieDp3IKNWy0P8CSE1Hk9f/kI=','125cbd2d7b9eed1fa9a22f02cd22782f16dc817b454942014e6d39e41b77875e7c3757b10b1c9d09751c6057768f606f309ec319aa74c519c728dac71062d573QuWK+DffkLIuvRrrJcIX9NlHHLpTdq+uQENjHwChZM4=','1659970319',1659970258,0),
(13,'myadiarum65@gmail.com','$2y$10$C0Ejj.j8Kd5mw46eArQUd.tRAdaGZRqQoPqIgnR7mZXPs5/g7SoN2',1,2,'9ef890ef0a8d735499e633339929cdaa38c33b2f51625d47a7fa1a8c0f43b79d52a7a7f548ec111d01cef9e9e1291892b923303fe5d40c495b252c77c764db981Aw36t30dikijKVvCbu6ffAJFM8M2Yh69JFKsad9Ogg=','4c36bc27111d5c995bca0cf426c246933d34dde3f0f9caf944f1bb101e5925dafe3fab173503299822b336b668eee8c64f79f6d6b04a8554ccb138f6f6fc1592tVLK9PAoCI48kvgKSGRZoWj9nUR9W5qayNDdlwXbF8g=','1659970498',1659970447,0),
(14,'admorganizer@gmail.com','$2y$10$uS4L/OxkUwHhNVEql2N30.oJaizWvGfuwdYaj1nfTDll1T05I5rFq',1,2,'9b71cb5480314ec37f3f716e429637926dde325c64539c45bc14db7912c50179ba7132f7c8907650682035c90fba8a880f6b61c26a5390f681a2d46d7c1bd5737EQCCV2oTNRrulvVWTGXIwfBBYoxFoq95uiYXTZ5XdE=','33b3004d5b975ae5632b743e209d748dd660852bc749af266156c51a3dcd9cd1c66db772d2ac3f328eaac729d81fc3dd8f4b4860ac715c54bc3478eadaed1cb3CVQe72C6iYGz98Z6cqpLlka9ZGIDtKOhcO5ZSNonKOU=','1659970829',1659970752,0),
(15,'bayupratama300895@gmail.com','$2y$10$s3Yai2XDjEAEWvzf1oOCueIqw3LQYsnm.KbG98F6dIsugySZ4Iw8C',1,2,'7eac40b3ce86b71ec1434b4dc9f08ca2635866f9683a64947169b9f8372993210bacb1b5ebc72bceded948d4e1fe5d6977f29048ecdc9ea956db3bc39f02b497hsORPmtvExp4aS5MLAPWSS6hdYuoGiXjUsg1kgY54tY=','66fcac03661fad3adb383c3259aaceb93df6a4833bce6f89e6a0daf849eb0dc533e6090906380baf3211a566e6f4e7805f7ef2db20b7818d7bd2ffc8056a7abbTEiC+2qUITtJk4yQQVzQeYPmV5y/CXhVf9JmAAxcVsw=','1659971109',1659971036,0),
(16,'anangcb04@gmail.com','$2y$10$c1i7n7qvQDMfVQYENiC9duK8RzdR7KfXn8/M9Q04bt3SMKgzP.e.G',1,2,'8d953e991cb16d65c1caacb30335d88144d5494ec178704b4e915b5cab4d43d431af1de2362b499c5f8bbffc926282ccb57154456c209de401f804204bd8859exHCdFebc/V4Zdp3KWx5kE0ShVA95FlDQOiurhwxA0Pg=','eb68ac0ce0f83d22e59999fe90a2994cdda72fa3b98dd5931e8a2760d41a2fd287b75ea176af783417c3fc9902d78dd6b7601b04f5063bedb26eeb9b9eb2f475bOZ2qEXxZNya2T+PaVL5328buaubdPUee7PxExPI6mo=','1660207895',1660207690,0),
(17,'rahmatsyabani321@gmail.com','$2y$10$zFeWOVNp.yHBu1GcWqO..uJEApg8UzOwW1tSYr5aXvmbNrL0wWEJW',1,2,'f09f2c8a01f2a75331c89f579c116566367b52dd532c01a121f82931fd311061af508a601eee090bba460c847431dea9b881b053d1f2fddc9288a0437edda297bZaYUpbIYZ6n4dYzSJsy/nbJuNEhI5SymwqVY7196Rw=',NULL,NULL,1660276203,0);

/*Table structure for table `tb_keranjang` */

DROP TABLE IF EXISTS `tb_keranjang`;

CREATE TABLE `tb_keranjang` (
  `id` int(11) NOT NULL AUTO_INCREMENT,
  `user_id` int(11) DEFAULT NULL,
  `catatan` text DEFAULT NULL,
  `status` int(11) NOT NULL DEFAULT 1,
  `metode` varchar(50) NOT NULL DEFAULT '-',
  `bukti_bayar` varchar(200) NOT NULL DEFAULT 'null',
  `created_at` int(11) NOT NULL DEFAULT 0,
  `is_deleted` tinyint(1) NOT NULL DEFAULT 0,
  PRIMARY KEY (`id`),
  KEY `user_id` (`user_id`)
) ENGINE=InnoDB AUTO_INCREMENT=29 DEFAULT CHARSET=utf8;

/*Data for the table `tb_keranjang` */

insert  into `tb_keranjang`(`id`,`user_id`,`catatan`,`status`,`metode`,`bukti_bayar`,`created_at`,`is_deleted`) values 
(14,6,'test',1,'-','null',1656230123,0),
(15,6,'testtest',3,'Shopeepay','berkas/pembayaran/1660379800.jpg',1660379800,0),
(16,7,'jam  4 sore',1,'-','null',1659952090,0),
(17,8,'',1,'-','null',1659968569,0),
(18,8,'diambil jam 15:00',1,'-','null',1659968683,0),
(19,9,'diambil Ojol dengan nama danang',1,'-','null',1659968917,0),
(20,10,'diambil anak saya atasnama risma',1,'-','null',1659969356,0),
(21,10,'Saya Ambil setelah kerja',1,'-','null',1659969565,0),
(22,11,'jam 14:00 Saya ambil, Tolong disiap kan ',1,'-','null',1659969812,0),
(23,11,'Ojol yang ambil kesitu ya minn',1,'-','null',1659970085,0),
(24,12,'Sya Ambil setelah kerja',1,'-','null',1659970386,0),
(25,13,'Diambil jam 17:00',1,'-','null',1659970576,0),
(26,14,'diambil Hbis magrib',1,'-','null',1659970905,0),
(27,15,'diambil jam 17:00',1,'-','null',1659971198,0),
(28,17,'test',3,'Shopeepay','berkas/pembayaran/1660380452.jpg',1660380452,0);

/*Table structure for table `tb_keranjang_barang` */

DROP TABLE IF EXISTS `tb_keranjang_barang`;

CREATE TABLE `tb_keranjang_barang` (
  `wishlist_id` int(11) DEFAULT NULL,
  `sayur_id` int(11) DEFAULT NULL,
  `jumlah` int(11) DEFAULT NULL,
  KEY `wishlist_id` (`wishlist_id`),
  KEY `sayur_id` (`sayur_id`)
) ENGINE=InnoDB DEFAULT CHARSET=utf8;

/*Data for the table `tb_keranjang_barang` */

insert  into `tb_keranjang_barang`(`wishlist_id`,`sayur_id`,`jumlah`) values 
(14,9,5),
(15,9,2),
(16,9,2),
(17,11,3),
(17,12,2),
(18,9,3),
(19,12,6),
(19,15,2),
(20,15,4),
(20,16,1),
(21,16,2),
(22,15,2),
(22,13,4),
(23,18,4),
(24,12,3),
(24,15,2),
(25,12,2),
(25,15,1),
(26,9,2),
(26,12,3),
(27,18,4),
(27,11,2),
(28,10,2);

/*Table structure for table `tb_pengunjung` */

DROP TABLE IF EXISTS `tb_pengunjung`;

CREATE TABLE `tb_pengunjung` (
  `id` int(11) NOT NULL AUTO_INCREMENT,
  `device` text DEFAULT NULL,
  `created_at` int(11) DEFAULT NULL,
  PRIMARY KEY (`id`)
) ENGINE=InnoDB AUTO_INCREMENT=555 DEFAULT CHARSET=utf8;

/*Data for the table `tb_pengunjung` */

insert  into `tb_pengunjung`(`id`,`device`,`created_at`) values 
(175,'Mozilla/5.0 (Windows NT 10.0; Win64; x64) AppleWebKit/537.36 (KHTML, like Gecko) Chrome/102.0.5005.63 Safari/537.36',1653885323),
(176,'Mozilla/5.0 (Windows NT 10.0; Win64; x64) AppleWebKit/537.36 (KHTML, like Gecko) Chrome/102.0.0.0 Safari/537.36',1656229631),
(177,'Mozilla/5.0 (Windows NT 10.0; Win64; x64) AppleWebKit/537.36 (KHTML, like Gecko) Chrome/102.0.0.0 Safari/537.36',1656229704),
(178,'Mozilla/5.0 (Windows NT 10.0; Win64; x64) AppleWebKit/537.36 (KHTML, like Gecko) Chrome/102.0.0.0 Safari/537.36',1656229718),
(179,'Mozilla/5.0 (Windows NT 10.0; Win64; x64) AppleWebKit/537.36 (KHTML, like Gecko) Chrome/102.0.0.0 Safari/537.36',1656229749),
(180,'Mozilla/5.0 (Windows NT 10.0; Win64; x64) AppleWebKit/537.36 (KHTML, like Gecko) Chrome/102.0.0.0 Safari/537.36',1656229772),
(181,'Mozilla/5.0 (Windows NT 10.0; Win64; x64) AppleWebKit/537.36 (KHTML, like Gecko) Chrome/102.0.0.0 Safari/537.36',1656229952),
(182,'Mozilla/5.0 (Windows NT 10.0; Win64; x64) AppleWebKit/537.36 (KHTML, like Gecko) Chrome/102.0.0.0 Safari/537.36',1656230109),
(183,'Mozilla/5.0 (Windows NT 10.0; Win64; x64) AppleWebKit/537.36 (KHTML, like Gecko) Chrome/102.0.0.0 Safari/537.36',1656230123),
(184,'Mozilla/5.0 (Windows NT 10.0; Win64; x64) AppleWebKit/537.36 (KHTML, like Gecko) Chrome/103.0.0.0 Safari/537.36',1657082517),
(185,'Mozilla/5.0 (Windows NT 10.0; Win64; x64) AppleWebKit/537.36 (KHTML, like Gecko) Chrome/103.0.0.0 Safari/537.36',1657082517),
(186,'Mozilla/5.0 (Windows NT 10.0; Win64; x64) AppleWebKit/537.36 (KHTML, like Gecko) Chrome/103.0.0.0 Safari/537.36',1657082547),
(187,'Mozilla/5.0 (Windows NT 10.0; Win64; x64) AppleWebKit/537.36 (KHTML, like Gecko) Chrome/103.0.0.0 Safari/537.36',1657082549),
(188,'Mozilla/5.0 (Windows NT 10.0; Win64; x64) AppleWebKit/537.36 (KHTML, like Gecko) Chrome/103.0.0.0 Safari/537.36',1657082552),
(189,'Mozilla/5.0 (Windows NT 10.0; Win64; x64) AppleWebKit/537.36 (KHTML, like Gecko) Chrome/103.0.0.0 Safari/537.36',1657082667),
(190,'Mozilla/5.0 (Windows NT 10.0; Win64; x64) AppleWebKit/537.36 (KHTML, like Gecko) Chrome/103.0.0.0 Safari/537.36',1657082682),
(191,'Mozilla/5.0 (Windows NT 6.1; WOW64) AppleWebKit/537.36 (KHTML, like Gecko) Chrome/56.0.2924.90 Safari/537.36 2345Explorer/9.4.3.17934',1657082757),
(192,'Mozilla/5.0 (Windows NT 10.0; Win64; x64) AppleWebKit/537.36 (KHTML, like Gecko) Chrome/103.0.0.0 Safari/537.36',1657083379),
(193,'Mozilla/5.0 (Windows NT 10.0; Win64; x64) AppleWebKit/537.36 (KHTML, like Gecko) Chrome/103.0.0.0 Safari/537.36',1657083386),
(194,'Mozilla/5.0 (Windows NT 10.0; Win64; x64) AppleWebKit/537.36 (KHTML, like Gecko) Chrome/103.0.0.0 Safari/537.36',1657083394),
(195,'Mozilla/5.0 (Windows NT 10.0; Win64; x64) AppleWebKit/537.36 (KHTML, like Gecko) Chrome/103.0.0.0 Safari/537.36',1657083407),
(196,'Go-http-client/1.1',1657084016),
(197,'Go-http-client/1.1',1657085764),
(198,'Go-http-client/1.1',1657087557),
(199,'Mozilla/5.0 (Linux; U; Android 2.2; ja-jp; SC-02B Build/FROYO) AppleWebKit/533.1 (KHTML, like Gecko) Version/4.0 Mobile Safari/533.1',1657088960),
(200,'Mozilla/5.0 (Linux; U; Android 2.2; ja-jp; SC-02B Build/FROYO) AppleWebKit/533.1 (KHTML, like Gecko) Version/4.0 Mobile Safari/533.1',1657088965),
(201,'Go-http-client/1.1',1657089421),
(202,'Go-http-client/1.1',1657091206),
(203,'Go-http-client/1.1',1657092988),
(204,'Go-http-client/1.1',1657094784),
(205,'Go-http-client/1.1',1657096594),
(206,'Go-http-client/1.1',1657098395),
(207,'Go-http-client/1.1',1657100220),
(208,'Go-http-client/1.1',1657102039),
(209,'Go-http-client/1.1',1657103800),
(210,'Go-http-client/1.1',1657105583),
(211,'Go-http-client/1.1',1657107387),
(212,'Go-http-client/1.1',1657109163),
(213,'Go-http-client/1.1',1657110984),
(214,'Go-http-client/1.1',1657112755),
(215,'Go-http-client/1.1',1657114566),
(216,'Go-http-client/1.1',1657116423),
(217,'Go-http-client/1.1',1657118175),
(218,'Mozilla/5.0 (Linux; Android 12; POCO F2 Pro) AppleWebKit/537.36 (KHTML, like Gecko) Chrome/103.0.0.0 Mobile Safari/537.36',1657119609),
(219,'Go-http-client/1.1',1657120004),
(220,'Go-http-client/1.1',1657121793),
(221,'Go-http-client/1.1',1657123537),
(222,'Go-http-client/1.1',1657125383),
(223,'Mozilla/5.0 (Linux; Android 12; POCO F2 Pro) AppleWebKit/537.36 (KHTML, like Gecko) Chrome/103.0.0.0 Mobile Safari/537.36',1657125776),
(224,'Go-http-client/1.1',1657127174),
(225,'Mozilla/5.0 (Windows NT 10.0; Win64; x64) AppleWebKit/537.36 (KHTML, like Gecko) Chrome/76.0.3809.71 Safari/537.36',1657127326),
(226,'Go-http-client/1.1',1657129021),
(227,'Go-http-client/1.1',1657130802),
(228,'Go-http-client/1.1',1657132606),
(229,'Go-http-client/1.1',1657134419),
(230,'Go-http-client/1.1',1657136231),
(231,'Go-http-client/1.1',1657138027),
(232,'Go-http-client/1.1',1657139801),
(233,'Go-http-client/1.1',1657141574),
(234,'Go-http-client/1.1',1657143424),
(235,'Go-http-client/1.1',1657145241),
(236,'Go-http-client/1.1',1657147056),
(237,'Go-http-client/1.1',1657148841),
(238,'Go-http-client/1.1',1657150593),
(239,'Go-http-client/1.1',1657152392),
(240,'Go-http-client/1.1',1657154192),
(241,'Go-http-client/1.1',1657155976),
(242,'Go-http-client/1.1',1657157766),
(243,'Go-http-client/1.1',1657159578),
(244,'Go-http-client/1.1',1657161449),
(245,'Go-http-client/1.1',1657163208),
(246,'Go-http-client/1.1',1657165048),
(247,'Go-http-client/1.1',1657166785),
(248,'Go-http-client/1.1',1657168592),
(249,'Go-http-client/1.1',1657170389),
(250,'Go-http-client/1.1',1657172197),
(251,'Mozilla/5.0 (Linux; Android 12; POCO F2 Pro) AppleWebKit/537.36 (KHTML, like Gecko) Chrome/103.0.0.0 Mobile Safari/537.36',1657172362),
(252,'Go-http-client/1.1',1657174001),
(253,'Go-http-client/1.1',1657175819),
(254,'Go-http-client/1.1',1657177576),
(255,'Go-http-client/1.1',1657179447),
(256,'Go-http-client/1.1',1657181202),
(257,'Go-http-client/1.1',1657183047),
(258,'Go-http-client/1.1',1657184817),
(259,'Go-http-client/1.1',1657186634),
(260,'Go-http-client/1.1',1657188459),
(261,'Go-http-client/1.1',1657190267),
(262,'Mozilla/5.0 (Linux; Android 12; POCO F2 Pro) AppleWebKit/537.36 (KHTML, like Gecko) Chrome/103.0.0.0 Mobile Safari/537.36',1657191183),
(263,'Go-http-client/1.1',1657192049),
(264,'Go-http-client/1.1',1657193813),
(265,'Go-http-client/1.1',1657195632),
(266,'Go-http-client/1.1',1657197479),
(267,'Go-http-client/1.1',1657199240),
(268,'Go-http-client/1.1',1657201037),
(269,'Go-http-client/1.1',1657202871),
(270,'Go-http-client/1.1',1657204677),
(271,'Go-http-client/1.1',1657206464),
(272,'Go-http-client/1.1',1657208274),
(273,'Go-http-client/1.1',1657210036),
(274,'Mozilla/5.0 (Windows NT 10.0; WOW64) AppleWebKit/537.36 (KHTML, like Gecko) Chrome/83.0.4103.106 Safari/537.36',1657211661),
(275,'Mozilla/5.0 (Windows NT 10.0; WOW64) AppleWebKit/537.36 (KHTML, like Gecko) Chrome/83.0.4103.106 Safari/537.36',1657211665),
(276,'Mozilla/5.0 (Windows NT 10.0; Win64; x64) AppleWebKit/537.36 (KHTML, like Gecko) Chrome/95.0.4638.69 Safari/537.36',1657211673),
(277,'Go-http-client/1.1',1657211838),
(278,'Go-http-client/1.1',1657213633),
(279,'Mozilla/5.0 (X11; Ubuntu; Linux x86_64; rv:58.0) Gecko/20100101 Firefox/58.0',1657214145),
(280,'Mozilla/5.0 (X11; Ubuntu; Linux x86_64; rv:58.0) Gecko/20100101 Firefox/58.0',1657214145),
(281,'Mozilla/5.0 (X11; Ubuntu; Linux x86_64; rv:58.0) Gecko/20100101 Firefox/58.0',1657214148),
(282,'Mozilla/5.0 (X11; Ubuntu; Linux x86_64; rv:58.0) Gecko/20100101 Firefox/58.0',1657214148),
(283,'Go-http-client/1.1',1657215450),
(284,'Go-http-client/1.1',1657217262),
(285,'Go-http-client/1.1',1657219045),
(286,'Mozilla/5.0 (X11; Ubuntu; Linux x86_64; rv:58.0) Gecko/20100101 Firefox/58.0',1657219859),
(287,'Mozilla/5.0 (X11; Ubuntu; Linux x86_64; rv:58.0) Gecko/20100101 Firefox/58.0',1657219860),
(288,'Go-http-client/1.1',1657220875),
(289,'Go-http-client/1.1',1657222708),
(290,'Go-http-client/1.1',1657224503),
(291,'Go-http-client/1.1',1657226247),
(292,'Go-http-client/1.1',1657228055),
(293,'Go-http-client/1.1',1657229867),
(294,'Go-http-client/1.1',1657231669),
(295,'Go-http-client/1.1',1657233526),
(296,'Go-http-client/1.1',1657235316),
(297,'Go-http-client/1.1',1657236979),
(298,'Go-http-client/1.1',1657238892),
(299,'Go-http-client/1.1',1657240646),
(300,'Go-http-client/1.1',1657242439),
(301,'Go-http-client/1.1',1657244266),
(302,'Go-http-client/1.1',1657246032),
(303,'Go-http-client/1.1',1657247878),
(304,'Go-http-client/1.1',1657249654),
(305,'Go-http-client/1.1',1657251457),
(306,'Go-http-client/1.1',1657253247),
(307,'Go-http-client/1.1',1657255049),
(308,'Go-http-client/1.1',1657256835),
(309,'Go-http-client/1.1',1657258651),
(310,'Go-http-client/1.1',1657260431),
(311,'Go-http-client/1.1',1657262273),
(312,'Go-http-client/1.1',1657264084),
(313,'Mozilla/5.0 (iPhone; CPU iPhone OS 15_5 like Mac OS X) AppleWebKit/605.1.15 (KHTML, like Gecko) GSA/215.1.452881003 Mobile/19F77 Safari/604.1',1657265290),
(314,'Mozilla/5.0 (iPhone; CPU iPhone OS 15_5 like Mac OS X) AppleWebKit/605.1.15 (KHTML, like Gecko) GSA/215.1.452881003 Mobile/19F77 Safari/604.1',1657265525),
(315,'Go-http-client/1.1',1657265854),
(316,'Go-http-client/1.1',1657267670),
(317,'Go-http-client/1.1',1657269454),
(318,'Go-http-client/1.1',1657271284),
(319,'Go-http-client/1.1',1657273113),
(320,'Go-http-client/1.1',1657274886),
(321,'Go-http-client/1.1',1657276678),
(322,'Go-http-client/1.1',1657278438),
(323,'Mozilla/5.0 (Windows NT 10.0; WOW64) AppleWebKit/537.36 (KHTML, like Gecko) Chrome/83.0.4103.106 Safari/537.36',1657280184),
(324,'Mozilla/5.0 (Windows NT 10.0; WOW64) AppleWebKit/537.36 (KHTML, like Gecko) Chrome/83.0.4103.106 Safari/537.36',1657280190),
(325,'Mozilla/5.0 (Windows NT 10.0; Win64; x64) AppleWebKit/537.36 (KHTML, like Gecko) Chrome/95.0.4638.69 Safari/537.36',1657280198),
(326,'Go-http-client/1.1',1657280271),
(327,'Go-http-client/1.1',1657282051),
(328,'Go-http-client/1.1',1657283875),
(329,'Go-http-client/1.1',1657285674),
(330,'Go-http-client/1.1',1657287500),
(331,'Go-http-client/1.1',1657289283),
(332,'Go-http-client/1.1',1657291108),
(333,'Mozilla/5.0 (Windows NT 10.0; Win64; x64) AppleWebKit/537.36 (KHTML, like Gecko; compatible; BW/1.1; bit.ly/2W6Px8S; d88deae0ac) Chrome/84.0.4147.105 Safari/537.36',1657292141),
(334,'Mozilla/5.0 (Windows NT 10.0; Win64; x64) AppleWebKit/537.36 (KHTML, like Gecko; compatible; BW/1.1; bit.ly/2W6Px8S; d88deae0ac) Chrome/84.0.4147.105 Safari/537.36',1657292545),
(335,'Go-http-client/1.1',1657292857),
(336,'Go-http-client/1.1',1657294665),
(337,'Go-http-client/1.1',1657296471),
(338,'Go-http-client/1.1',1657298237),
(339,'Go-http-client/1.1',1657300045),
(340,'Go-http-client/1.1',1657301857),
(341,'Go-http-client/1.1',1657303647),
(342,'Go-http-client/1.1',1657305497),
(343,'Go-http-client/1.1',1657307290),
(344,'Go-http-client/1.1',1657309063),
(345,'Go-http-client/1.1',1657310875),
(346,'Go-http-client/1.1',1657312705),
(347,'Go-http-client/1.1',1657314443),
(348,'Go-http-client/1.1',1657316321),
(349,'Go-http-client/1.1',1657318136),
(350,'Go-http-client/1.1',1657319928),
(351,'Go-http-client/1.1',1657321692),
(352,'Go-http-client/1.1',1657323465),
(353,'Go-http-client/1.1',1657325261),
(354,'Go-http-client/1.1',1657327078),
(355,'Go-http-client/1.1',1657328815),
(356,'Go-http-client/1.1',1657330677),
(357,'Go-http-client/1.1',1657332535),
(358,'Go-http-client/1.1',1657334363),
(359,'Go-http-client/1.1',1657336051),
(360,'Mozilla/5.0 (iPhone; CPU iPhone OS 15_1_1 like Mac OS X) AppleWebKit/605.1.15 (KHTML, like Gecko) Version/15.1 Mobile/15E148 Safari/604.1',1657337813),
(361,'Go-http-client/1.1',1657337899),
(362,'Go-http-client/1.1',1657339670),
(363,'Go-http-client/1.1',1657341474),
(364,'Go-http-client/1.1',1657343262),
(365,'Go-http-client/1.1',1657345089),
(366,'Go-http-client/1.1',1657346880),
(367,'Go-http-client/1.1',1657348683),
(368,'Go-http-client/1.1',1657350473),
(369,'Go-http-client/1.1',1657352290),
(370,'Go-http-client/1.1',1657354084),
(371,'Go-http-client/1.1',1657355889),
(372,'Go-http-client/1.1',1657357685),
(373,'Go-http-client/1.1',1657359524),
(374,'Go-http-client/1.1',1657361357),
(375,'Go-http-client/1.1',1657363172),
(376,'Go-http-client/1.1',1657364964),
(377,'Go-http-client/1.1',1657366750),
(378,'Go-http-client/1.1',1657368480),
(379,'Go-http-client/1.1',1657370324),
(380,'Go-http-client/1.1',1657372114),
(381,'Go-http-client/1.1',1657373936),
(382,'Go-http-client/1.1',1657375734),
(383,'Go-http-client/1.1',1657377505),
(384,'Go-http-client/1.1',1657379313),
(385,'Go-http-client/1.1',1657381186),
(386,'Go-http-client/1.1',1657382919),
(387,'Go-http-client/1.1',1657384731),
(388,'Go-http-client/1.1',1657386516),
(389,'Go-http-client/1.1',1657388311),
(390,'Go-http-client/1.1',1657390142),
(391,'Go-http-client/1.1',1657391935),
(392,'Go-http-client/1.1',1657393725),
(393,'Go-http-client/1.1',1657395520),
(394,'Go-http-client/1.1',1657397311),
(395,'Go-http-client/1.1',1657399115),
(396,'Go-http-client/1.1',1657400885),
(397,'Go-http-client/1.1',1657402720),
(398,'Go-http-client/1.1',1657404521),
(399,'Mozilla/5.0 (Windows NT 10.0; WOW64) AppleWebKit/537.36 (KHTML, like Gecko) Chrome/83.0.4103.106 Safari/537.36',1657431899),
(400,'Mozilla/5.0 (Windows NT 10.0; WOW64) AppleWebKit/537.36 (KHTML, like Gecko) Chrome/83.0.4103.106 Safari/537.36',1657431904),
(401,'Mozilla/5.0 (Windows NT 10.0; WOW64) AppleWebKit/537.36 (KHTML, like Gecko) Chrome/83.0.4103.106 Safari/537.36',1657465111),
(402,'Mozilla/5.0 (Windows NT 10.0; WOW64) AppleWebKit/537.36 (KHTML, like Gecko) Chrome/83.0.4103.106 Safari/537.36',1657465117),
(403,'Mozilla/5.0 (Windows NT 10.0; Win64; x64) AppleWebKit/537.36 (KHTML, like Gecko) Chrome/95.0.4638.69 Safari/537.36',1657465125),
(404,'Mozilla/5.0 (iPhone; CPU iPhone OS 15_5 like Mac OS X) AppleWebKit/605.1.15 (KHTML, like Gecko) GSA/215.1.452881003 Mobile/19F77 Safari/604.1',1657552880),
(405,'Mozilla/5.0 (iPhone; CPU iPhone OS 15_5 like Mac OS X) AppleWebKit/605.1.15 (KHTML, like Gecko) GSA/215.1.452881003 Mobile/19F77 Safari/604.1',1657553622),
(406,'Mozilla/5.0 (Windows NT 10.0; WOW64) AppleWebKit/537.36 (KHTML, like Gecko) Chrome/83.0.4103.106 Safari/537.36',1657579845),
(407,'Mozilla/5.0 (Windows NT 10.0; WOW64) AppleWebKit/537.36 (KHTML, like Gecko) Chrome/83.0.4103.106 Safari/537.36',1657579849),
(408,'Mozilla/5.0 (Macintosh; Intel Mac OS X 10_15_7) AppleWebKit/537.36 (KHTML, like Gecko) Chrome/96.0.4664.55 Safari/537.36',1657579854),
(409,'Mozilla/5.0 (Windows NT 10.0; WOW64) AppleWebKit/537.36 (KHTML, like Gecko) Chrome/83.0.4103.106 Safari/537.36',1657680049),
(410,'Mozilla/5.0 (Windows NT 10.0; WOW64) AppleWebKit/537.36 (KHTML, like Gecko) Chrome/83.0.4103.106 Safari/537.36',1657680053),
(411,'Mozilla/5.0 (Macintosh; Intel Mac OS X 10_15_7) AppleWebKit/605.1.15 (KHTML, like Gecko) Version/15.0 Safari/605.1.15',1657680059),
(412,'Mozilla/5.0 (Windows NT 10.0; Win64; x64) AppleWebKit/537.36 (KHTML, like Gecko) Chrome/103.0.0.0 Safari/537.36',1657706685),
(413,'Mozilla/5.0 (Windows NT 10.0; Win64; x64) AppleWebKit/537.36 (KHTML, like Gecko) Chrome/103.0.0.0 Safari/537.36',1657706685),
(414,'Mozilla/5.0 (Windows NT 10.0; WOW64) AppleWebKit/537.36 (KHTML, like Gecko) Chrome/83.0.4103.106 Safari/537.36',1657803117),
(415,'Mozilla/5.0 (Windows NT 10.0; WOW64) AppleWebKit/537.36 (KHTML, like Gecko) Chrome/83.0.4103.106 Safari/537.36',1657803123),
(416,'Mozilla/5.0 (X11; Linux x86_64) AppleWebKit/537.36 (KHTML, like Gecko) Chrome/95.0.4638.69 Safari/537.36',1657803125),
(417,'Mozilla/5.0 (X11; Linux x86_64) AppleWebKit/537.36 (KHTML, like Gecko) Chrome/89.0.4389.82 Safari/537.36',1657820601),
(418,'Mozilla/5.0 (X11; Linux x86_64) AppleWebKit/537.36 (KHTML, like Gecko) Chrome/89.0.4389.82 Safari/537.36',1657820601),
(419,'Mozilla/5.0 (X11; Linux x86_64) AppleWebKit/537.36 (KHTML, like Gecko) Chrome/89.0.4389.82 Safari/537.36',1657820604),
(420,'Mozilla/5.0 (X11; Linux x86_64) AppleWebKit/537.36 (KHTML, like Gecko) Chrome/89.0.4389.82 Safari/537.36',1657820604),
(421,'Mozilla/5.0 (Windows NT 10.0; WOW64) AppleWebKit/537.36 (KHTML, like Gecko) Chrome/83.0.4103.106 Safari/537.36',1657828733),
(422,'Mozilla/5.0 (Windows NT 10.0; WOW64) AppleWebKit/537.36 (KHTML, like Gecko) Chrome/83.0.4103.106 Safari/537.36',1657828737),
(423,'Mozilla/5.0 (Windows NT 10.0; WOW64) AppleWebKit/537.36 (KHTML, like Gecko) Chrome/83.0.4103.106 Safari/537.36',1657828745),
(424,'Expanse, a Palo Alto Networks company, searches across the global IPv4 space multiple times per day to identify customers&#39; presences on the Internet. If you would like to be excluded from our scans, please send IP addresses/domains to: scaninfo@paloaltonetworks.com',1658264795),
(425,'Mozilla/5.0 (Windows NT 10.0; Win64; x64) AppleWebKit/537.36 (KHTML, like Gecko) Chrome/103.0.0.0 Safari/537.36',1658294449),
(426,'Expanse, a Palo Alto Networks company, searches across the global IPv4 space multiple times per day to identify customers&#39; presences on the Internet. If you would like to be excluded from our scans, please send IP addresses/domains to: scaninfo@paloaltonetworks.com',1658364161),
(427,'Mozilla/5.0 (Windows NT 10.0; Win64; x64) AppleWebKit/537.36 (KHTML, like Gecko) Chrome/103.0.0.0 Safari/537.36',1658414419),
(428,'Mozilla/5.0 (Windows NT 10.0; Win64; x64) AppleWebKit/537.36 (KHTML, like Gecko) Chrome/103.0.0.0 Safari/537.36',1658414419),
(429,'Mozilla/5.0 (Windows NT 10.0; Win64; x64) AppleWebKit/537.36 (KHTML, like Gecko) Chrome/103.0.0.0 Safari/537.36',1658713829),
(430,'Mozilla/5.0 (Windows NT 10.0; Win64; x64) AppleWebKit/537.36 (KHTML, like Gecko) Chrome/103.0.0.0 Safari/537.36',1658713829),
(431,'Apache-HttpClient/5.1.3 (Java/11.0.14.1)',1658768709),
(432,'Mozilla/5.0 (Windows NT 10.0; WOW64) AppleWebKit/537.36 (KHTML, like Gecko) Chrome/83.0.4103.106 Safari/537.36',1658768710),
(433,'Mozilla/5.0 (Windows NT 10.0; WOW64) AppleWebKit/537.36 (KHTML, like Gecko) Chrome/83.0.4103.106 Safari/537.36',1658768711),
(434,'Mozilla/5.0 (Macintosh; Intel Mac OS X 10_15_7) AppleWebKit/605.1.15 (KHTML, like Gecko) Version/15.0 Safari/605.1.15',1658768734),
(435,'Apache-HttpClient/5.1.3 (Java/11.0.14.1)',1658871807),
(436,'Mozilla/5.0 (Windows NT 10.0; WOW64) AppleWebKit/537.36 (KHTML, like Gecko) Chrome/83.0.4103.106 Safari/537.36',1658871807),
(437,'Mozilla/5.0 (Windows NT 10.0; WOW64) AppleWebKit/537.36 (KHTML, like Gecko) Chrome/83.0.4103.106 Safari/537.36',1658871808),
(438,'Mozilla/5.0 (Windows NT 10.0; WOW64) AppleWebKit/537.36 (KHTML, like Gecko) Chrome/83.0.4103.106 Safari/537.36',1658871823),
(439,'Mozilla/5.0 (Windows NT 10.0; Win64; x64) AppleWebKit/537.36 (KHTML, like Gecko; compatible; BW/1.1; bit.ly/2W6Px8S; d88deae0ac) Chrome/84.0.4147.105 Safari/537.36',1658935245),
(440,'Mozilla/5.0 (Windows NT 10.0; Win64; x64) AppleWebKit/537.36 (KHTML, like Gecko) Chrome/76.0.3809.71 Safari/537.36',1658942091),
(441,'Apache-HttpClient/5.1.3 (Java/11.0.14.1)',1658959774),
(442,'Mozilla/5.0 (Windows NT 10.0; WOW64) AppleWebKit/537.36 (KHTML, like Gecko) Chrome/83.0.4103.106 Safari/537.36',1658959774),
(443,'Mozilla/5.0 (Windows NT 10.0; WOW64) AppleWebKit/537.36 (KHTML, like Gecko) Chrome/83.0.4103.106 Safari/537.36',1658959775),
(444,'Mozilla/5.0 (X11; Linux x86_64) AppleWebKit/537.36 (KHTML, like Gecko) Chrome/95.0.4638.69 Safari/537.36',1658959792),
(445,'Mozilla/5.0 (iPhone; CPU iPhone OS 15_5 like Mac OS X) AppleWebKit/605.1.15 (KHTML, like Gecko) Version/15.5 Mobile/15E148 Safari/604.1',1659024663),
(446,'Apache-HttpClient/5.1.3 (Java/11.0.14.1)',1659210848),
(447,'Mozilla/5.0 (Windows NT 10.0; WOW64) AppleWebKit/537.36 (KHTML, like Gecko) Chrome/83.0.4103.106 Safari/537.36',1659210849),
(448,'Mozilla/5.0 (Windows NT 10.0; WOW64) AppleWebKit/537.36 (KHTML, like Gecko) Chrome/83.0.4103.106 Safari/537.36',1659210849),
(449,'Mozilla/5.0 (Macintosh; Intel Mac OS X 10_15_7) AppleWebKit/537.36 (KHTML, like Gecko) Chrome/96.0.4664.55 Safari/537.36',1659210890),
(450,'Mozilla/5.0 (Macintosh; Intel Mac OS X 10_15_4) AppleWebKit/537.36 (KHTML, like Gecko) Chrome/83.0.4103.97 Safari/537.36',1659244385),
(451,'Mozilla/5.0 (Windows NT 10.0; Win64; x64) AppleWebKit/537.36 (KHTML, like Gecko; compatible; BW/1.1; bit.ly/2W6Px8S; d88deae0ac) Chrome/84.0.4147.105 Safari/537.36',1659406606),
(452,'Mozilla/5.0 (Windows NT 10.0; Win64; x64) AppleWebKit/537.36 (KHTML, like Gecko; compatible; BW/1.1; bit.ly/2W6Px8S; d88deae0ac) Chrome/84.0.4147.105 Safari/537.36',1659407050),
(453,'Mozilla/5.0 (Windows NT 10.0; Win64; x64) AppleWebKit/537.36 (KHTML, like Gecko) Chrome/103.0.0.0 Safari/537.36',1659430452),
(454,'Apache-HttpClient/5.1.3 (Java/11.0.14.1)',1659561983),
(455,'Mozilla/5.0 (Windows NT 10.0; WOW64) AppleWebKit/537.36 (KHTML, like Gecko) Chrome/83.0.4103.106 Safari/537.36',1659561985),
(456,'Mozilla/5.0 (Windows NT 10.0; rv:91.0) Gecko/20100101 Firefox/91.0',1659561988),
(457,'Mozilla/5.0 (Windows NT 10.0; Win64; x64) AppleWebKit/537.36 (KHTML, like Gecko) Chrome/103.0.0.0 Safari/537.36',1659951869),
(458,'Mozilla/5.0 (Windows NT 10.0; Win64; x64) AppleWebKit/537.36 (KHTML, like Gecko) Chrome/103.0.0.0 Safari/537.36',1659952026),
(459,'Mozilla/5.0 (Windows NT 10.0; Win64; x64) AppleWebKit/537.36 (KHTML, like Gecko) Chrome/103.0.0.0 Safari/537.36',1659952049),
(460,'Mozilla/5.0 (Windows NT 10.0; Win64; x64) AppleWebKit/537.36 (KHTML, like Gecko) Chrome/103.0.0.0 Safari/537.36',1659952059),
(461,'Mozilla/5.0 (Windows NT 10.0; Win64; x64) AppleWebKit/537.36 (KHTML, like Gecko) Chrome/103.0.0.0 Safari/537.36',1659952090),
(462,'Mozilla/5.0 (Windows NT 10.0; Win64; x64) AppleWebKit/537.36 (KHTML, like Gecko) Chrome/103.0.0.0 Safari/537.36',1659952108),
(463,'Mozilla/5.0 (Windows NT 10.0; Win64; x64) AppleWebKit/537.36 (KHTML, like Gecko) Chrome/103.0.0.0 Safari/537.36',1659953079),
(464,'Mozilla/5.0 (Windows NT 10.0; Win64; x64) AppleWebKit/537.36 (KHTML, like Gecko) Chrome/103.0.0.0 Safari/537.36',1659953113),
(465,'Mozilla/5.0 (Windows NT 10.0; Win64; x64) AppleWebKit/537.36 (KHTML, like Gecko) Chrome/103.0.0.0 Safari/537.36',1659953704),
(466,'Mozilla/5.0 (Windows NT 10.0; Win64; x64) AppleWebKit/537.36 (KHTML, like Gecko) Chrome/103.0.0.0 Safari/537.36',1659954128),
(467,'Mozilla/5.0 (Windows NT 10.0; Win64; x64) AppleWebKit/537.36 (KHTML, like Gecko) Chrome/103.0.0.0 Safari/537.36',1659968221),
(468,'Mozilla/5.0 (Windows NT 10.0; Win64; x64) AppleWebKit/537.36 (KHTML, like Gecko) Chrome/103.0.0.0 Safari/537.36',1659968515),
(469,'Mozilla/5.0 (Windows NT 10.0; Win64; x64) AppleWebKit/537.36 (KHTML, like Gecko) Chrome/103.0.0.0 Safari/537.36',1659968547),
(470,'Mozilla/5.0 (Windows NT 10.0; Win64; x64) AppleWebKit/537.36 (KHTML, like Gecko) Chrome/103.0.0.0 Safari/537.36',1659968560),
(471,'Mozilla/5.0 (Windows NT 10.0; Win64; x64) AppleWebKit/537.36 (KHTML, like Gecko) Chrome/103.0.0.0 Safari/537.36',1659968570),
(472,'Mozilla/5.0 (Windows NT 10.0; Win64; x64) AppleWebKit/537.36 (KHTML, like Gecko) Chrome/103.0.0.0 Safari/537.36',1659968660),
(473,'Mozilla/5.0 (Windows NT 10.0; Win64; x64) AppleWebKit/537.36 (KHTML, like Gecko) Chrome/103.0.0.0 Safari/537.36',1659968684),
(474,'Mozilla/5.0 (Windows NT 10.0; Win64; x64) AppleWebKit/537.36 (KHTML, like Gecko) Chrome/103.0.0.0 Safari/537.36',1659968719),
(475,'Mozilla/5.0 (Windows NT 10.0; Win64; x64) AppleWebKit/537.36 (KHTML, like Gecko) Chrome/103.0.0.0 Safari/537.36',1659968867),
(476,'Mozilla/5.0 (Windows NT 10.0; Win64; x64) AppleWebKit/537.36 (KHTML, like Gecko) Chrome/103.0.0.0 Safari/537.36',1659968879),
(477,'Mozilla/5.0 (Windows NT 10.0; Win64; x64) AppleWebKit/537.36 (KHTML, like Gecko) Chrome/103.0.0.0 Safari/537.36',1659968887),
(478,'Mozilla/5.0 (Windows NT 10.0; Win64; x64) AppleWebKit/537.36 (KHTML, like Gecko) Chrome/103.0.0.0 Safari/537.36',1659968917),
(479,'Mozilla/5.0 (Windows NT 10.0; Win64; x64) AppleWebKit/537.36 (KHTML, like Gecko) Chrome/103.0.0.0 Safari/537.36',1659968959),
(480,'Mozilla/5.0 (Windows NT 10.0; Win64; x64) AppleWebKit/537.36 (KHTML, like Gecko) Chrome/103.0.0.0 Safari/537.36',1659969309),
(481,'Mozilla/5.0 (Windows NT 10.0; Win64; x64) AppleWebKit/537.36 (KHTML, like Gecko) Chrome/103.0.0.0 Safari/537.36',1659969320),
(482,'Mozilla/5.0 (Windows NT 10.0; Win64; x64) AppleWebKit/537.36 (KHTML, like Gecko) Chrome/103.0.0.0 Safari/537.36',1659969330),
(483,'Mozilla/5.0 (Windows NT 10.0; Win64; x64) AppleWebKit/537.36 (KHTML, like Gecko) Chrome/103.0.0.0 Safari/537.36',1659969356),
(484,'Mozilla/5.0 (Windows NT 10.0; Win64; x64) AppleWebKit/537.36 (KHTML, like Gecko) Chrome/103.0.0.0 Safari/537.36',1659969534),
(485,'Mozilla/5.0 (Windows NT 10.0; Win64; x64) AppleWebKit/537.36 (KHTML, like Gecko) Chrome/103.0.0.0 Safari/537.36',1659969544),
(486,'Mozilla/5.0 (Windows NT 10.0; Win64; x64) AppleWebKit/537.36 (KHTML, like Gecko) Chrome/103.0.0.0 Safari/537.36',1659969565),
(487,'Mozilla/5.0 (Windows NT 10.0; Win64; x64) AppleWebKit/537.36 (KHTML, like Gecko) Chrome/103.0.0.0 Safari/537.36',1659969588),
(488,'Mozilla/5.0 (Windows NT 10.0; Win64; x64) AppleWebKit/537.36 (KHTML, like Gecko) Chrome/103.0.0.0 Safari/537.36',1659969595),
(489,'Mozilla/5.0 (Windows NT 10.0; Win64; x64) AppleWebKit/537.36 (KHTML, like Gecko) Chrome/103.0.0.0 Safari/537.36',1659969730),
(490,'Mozilla/5.0 (Windows NT 10.0; Win64; x64) AppleWebKit/537.36 (KHTML, like Gecko) Chrome/103.0.0.0 Safari/537.36',1659969744),
(491,'Mozilla/5.0 (Windows NT 10.0; Win64; x64) AppleWebKit/537.36 (KHTML, like Gecko) Chrome/103.0.0.0 Safari/537.36',1659969762),
(492,'Mozilla/5.0 (Windows NT 10.0; Win64; x64) AppleWebKit/537.36 (KHTML, like Gecko) Chrome/103.0.0.0 Safari/537.36',1659969812),
(493,'Mozilla/5.0 (Windows NT 10.0; Win64; x64) AppleWebKit/537.36 (KHTML, like Gecko) Chrome/103.0.0.0 Safari/537.36',1659970039),
(494,'Mozilla/5.0 (Windows NT 10.0; Win64; x64) AppleWebKit/537.36 (KHTML, like Gecko) Chrome/103.0.0.0 Safari/537.36',1659970085),
(495,'Mozilla/5.0 (Windows NT 10.0; Win64; x64) AppleWebKit/537.36 (KHTML, like Gecko) Chrome/103.0.0.0 Safari/537.36',1659970202),
(496,'Mozilla/5.0 (Windows NT 10.0; Win64; x64) AppleWebKit/537.36 (KHTML, like Gecko) Chrome/103.0.0.0 Safari/537.36',1659970338),
(497,'Mozilla/5.0 (Windows NT 10.0; Win64; x64) AppleWebKit/537.36 (KHTML, like Gecko) Chrome/103.0.0.0 Safari/537.36',1659970350),
(498,'Mozilla/5.0 (Windows NT 10.0; Win64; x64) AppleWebKit/537.36 (KHTML, like Gecko) Chrome/103.0.0.0 Safari/537.36',1659970359),
(499,'Mozilla/5.0 (Windows NT 10.0; Win64; x64) AppleWebKit/537.36 (KHTML, like Gecko) Chrome/103.0.0.0 Safari/537.36',1659970387),
(500,'Mozilla/5.0 (Windows NT 10.0; Win64; x64) AppleWebKit/537.36 (KHTML, like Gecko) Chrome/103.0.0.0 Safari/537.36',1659970394),
(501,'Mozilla/5.0 (Windows NT 10.0; Win64; x64) AppleWebKit/537.36 (KHTML, like Gecko) Chrome/103.0.0.0 Safari/537.36',1659970529),
(502,'Mozilla/5.0 (Windows NT 10.0; Win64; x64) AppleWebKit/537.36 (KHTML, like Gecko) Chrome/103.0.0.0 Safari/537.36',1659970541),
(503,'Mozilla/5.0 (Windows NT 10.0; Win64; x64) AppleWebKit/537.36 (KHTML, like Gecko) Chrome/103.0.0.0 Safari/537.36',1659970551),
(504,'Mozilla/5.0 (Windows NT 10.0; Win64; x64) AppleWebKit/537.36 (KHTML, like Gecko) Chrome/103.0.0.0 Safari/537.36',1659970577),
(505,'Mozilla/5.0 (Windows NT 10.0; Win64; x64) AppleWebKit/537.36 (KHTML, like Gecko) Chrome/103.0.0.0 Safari/537.36',1659970591),
(506,'Mozilla/5.0 (Windows NT 10.0; Win64; x64) AppleWebKit/537.36 (KHTML, like Gecko) Chrome/103.0.0.0 Safari/537.36',1659970858),
(507,'Mozilla/5.0 (Windows NT 10.0; Win64; x64) AppleWebKit/537.36 (KHTML, like Gecko) Chrome/103.0.0.0 Safari/537.36',1659970873),
(508,'Mozilla/5.0 (Windows NT 10.0; Win64; x64) AppleWebKit/537.36 (KHTML, like Gecko) Chrome/103.0.0.0 Safari/537.36',1659970881),
(509,'Mozilla/5.0 (Windows NT 10.0; Win64; x64) AppleWebKit/537.36 (KHTML, like Gecko) Chrome/103.0.0.0 Safari/537.36',1659970905),
(510,'Mozilla/5.0 (Windows NT 10.0; Win64; x64) AppleWebKit/537.36 (KHTML, like Gecko) Chrome/103.0.0.0 Safari/537.36',1659970918),
(511,'Mozilla/5.0 (Windows NT 10.0; Win64; x64) AppleWebKit/537.36 (KHTML, like Gecko) Chrome/103.0.0.0 Safari/537.36',1659971137),
(512,'Mozilla/5.0 (Windows NT 10.0; Win64; x64) AppleWebKit/537.36 (KHTML, like Gecko) Chrome/103.0.0.0 Safari/537.36',1659971153),
(513,'Mozilla/5.0 (Windows NT 10.0; Win64; x64) AppleWebKit/537.36 (KHTML, like Gecko) Chrome/103.0.0.0 Safari/537.36',1659971163),
(514,'Mozilla/5.0 (Windows NT 10.0; Win64; x64) AppleWebKit/537.36 (KHTML, like Gecko) Chrome/103.0.0.0 Safari/537.36',1659971198),
(515,'Mozilla/5.0 (Windows NT 10.0; Win64; x64) AppleWebKit/537.36 (KHTML, like Gecko) Chrome/103.0.0.0 Safari/537.36',1660092535),
(516,'Mozilla/5.0 (Windows NT 10.0; Win64; x64) AppleWebKit/537.36 (KHTML, like Gecko) Chrome/103.0.0.0 Safari/537.36',1660092791),
(517,'Mozilla/5.0 (Windows NT 10.0; Win64; x64) AppleWebKit/537.36 (KHTML, like Gecko) Chrome/103.0.0.0 Safari/537.36',1660099209),
(518,'Mozilla/5.0 (Windows NT 10.0; Win64; x64) AppleWebKit/537.36 (KHTML, like Gecko) Chrome/103.0.0.0 Safari/537.36',1660099425),
(519,'Mozilla/5.0 (Windows NT 10.0; Win64; x64) AppleWebKit/537.36 (KHTML, like Gecko) Chrome/103.0.0.0 Safari/537.36',1660100158),
(520,'Mozilla/5.0 (Windows NT 10.0; Win64; x64) AppleWebKit/537.36 (KHTML, like Gecko) Chrome/103.0.0.0 Safari/537.36',1660100165),
(521,'Mozilla/5.0 (Windows NT 10.0; Win64; x64) AppleWebKit/537.36 (KHTML, like Gecko) Chrome/103.0.0.0 Safari/537.36',1660100403),
(522,'Mozilla/5.0 (Windows NT 10.0; Win64; x64) AppleWebKit/537.36 (KHTML, like Gecko) Chrome/103.0.0.0 Safari/537.36',1660207665),
(523,'Mozilla/5.0 (Windows NT 10.0; Win64; x64) AppleWebKit/537.36 (KHTML, like Gecko) Chrome/103.0.0.0 Safari/537.36',1660276090),
(524,'Mozilla/5.0 (Windows NT 10.0; Win64; x64) AppleWebKit/537.36 (KHTML, like Gecko) Chrome/103.0.0.0 Safari/537.36',1660276101),
(525,'Mozilla/5.0 (Windows NT 10.0; Win64; x64) AppleWebKit/537.36 (KHTML, like Gecko) Chrome/103.0.0.0 Safari/537.36',1660276114),
(526,'Mozilla/5.0 (Windows NT 10.0; Win64; x64) AppleWebKit/537.36 (KHTML, like Gecko) Chrome/103.0.0.0 Safari/537.36',1660276266),
(527,'Mozilla/5.0 (Windows NT 10.0; Win64; x64) AppleWebKit/537.36 (KHTML, like Gecko) Chrome/103.0.0.0 Safari/537.36',1660317889),
(528,'Mozilla/5.0 (Windows NT 10.0; Win64; x64) AppleWebKit/537.36 (KHTML, like Gecko) Chrome/103.0.0.0 Safari/537.36',1660318300),
(529,'Mozilla/5.0 (Windows NT 10.0; Win64; x64) AppleWebKit/537.36 (KHTML, like Gecko) Chrome/104.0.0.0 Safari/537.36',1660318488),
(530,'Mozilla/5.0 (Windows NT 10.0; Win64; x64) AppleWebKit/537.36 (KHTML, like Gecko) Chrome/104.0.0.0 Safari/537.36',1660318533),
(531,'Mozilla/5.0 (Windows NT 10.0; Win64; x64) AppleWebKit/537.36 (KHTML, like Gecko) Chrome/104.0.0.0 Safari/537.36',1660362005),
(532,'Mozilla/5.0 (Windows NT 10.0; Win64; x64) AppleWebKit/537.36 (KHTML, like Gecko) Chrome/104.0.0.0 Safari/537.36',1660363136),
(533,'Mozilla/5.0 (Windows NT 10.0; Win64; x64) AppleWebKit/537.36 (KHTML, like Gecko) Chrome/104.0.0.0 Safari/537.36',1660363154),
(534,'Mozilla/5.0 (Windows NT 10.0; Win64; x64) AppleWebKit/537.36 (KHTML, like Gecko) Chrome/104.0.0.0 Safari/537.36',1660363333),
(535,'Mozilla/5.0 (Windows NT 10.0; Win64; x64) AppleWebKit/537.36 (KHTML, like Gecko) Chrome/104.0.0.0 Safari/537.36',1660363377),
(536,'Mozilla/5.0 (Windows NT 10.0; Win64; x64) AppleWebKit/537.36 (KHTML, like Gecko) Chrome/104.0.0.0 Safari/537.36',1660363414),
(537,'Mozilla/5.0 (Windows NT 10.0; Win64; x64) AppleWebKit/537.36 (KHTML, like Gecko) Chrome/104.0.0.0 Safari/537.36',1660374105),
(538,'Mozilla/5.0 (Windows NT 10.0; Win64; x64) AppleWebKit/537.36 (KHTML, like Gecko) Chrome/104.0.0.0 Safari/537.36',1660374242),
(539,'Mozilla/5.0 (Windows NT 10.0; Win64; x64) AppleWebKit/537.36 (KHTML, like Gecko) Chrome/104.0.0.0 Safari/537.36',1660374251),
(540,'Mozilla/5.0 (Windows NT 10.0; Win64; x64) AppleWebKit/537.36 (KHTML, like Gecko) Chrome/104.0.0.0 Safari/537.36',1660374292),
(541,'Mozilla/5.0 (Windows NT 10.0; Win64; x64) AppleWebKit/537.36 (KHTML, like Gecko) Chrome/104.0.0.0 Safari/537.36',1660374297),
(542,'Mozilla/5.0 (Windows NT 10.0; Win64; x64) AppleWebKit/537.36 (KHTML, like Gecko) Chrome/104.0.0.0 Safari/537.36',1660374305),
(543,'Mozilla/5.0 (Windows NT 10.0; Win64; x64) AppleWebKit/537.36 (KHTML, like Gecko) Chrome/104.0.0.0 Safari/537.36',1660374377),
(544,'Mozilla/5.0 (Windows NT 10.0; Win64; x64) AppleWebKit/537.36 (KHTML, like Gecko) Chrome/104.0.0.0 Safari/537.36',1660377505),
(545,'Mozilla/5.0 (Windows NT 10.0; Win64; x64) AppleWebKit/537.36 (KHTML, like Gecko) Chrome/104.0.0.0 Safari/537.36',1660377514),
(546,'Mozilla/5.0 (Windows NT 10.0; Win64; x64) AppleWebKit/537.36 (KHTML, like Gecko) Chrome/104.0.0.0 Safari/537.36',1660378441),
(547,'Mozilla/5.0 (Windows NT 10.0; Win64; x64) AppleWebKit/537.36 (KHTML, like Gecko) Chrome/104.0.0.0 Safari/537.36',1660378451),
(548,'Mozilla/5.0 (Windows NT 10.0; Win64; x64) AppleWebKit/537.36 (KHTML, like Gecko) Chrome/104.0.0.0 Safari/537.36',1660378462),
(549,'Mozilla/5.0 (Windows NT 10.0; Win64; x64) AppleWebKit/537.36 (KHTML, like Gecko) Chrome/104.0.0.0 Safari/537.36',1660379980),
(550,'Mozilla/5.0 (Windows NT 10.0; Win64; x64) AppleWebKit/537.36 (KHTML, like Gecko) Chrome/104.0.0.0 Safari/537.36',1660380356),
(551,'Mozilla/5.0 (Windows NT 10.0; Win64; x64) AppleWebKit/537.36 (KHTML, like Gecko) Chrome/104.0.0.0 Safari/537.36',1660380366),
(552,'Mozilla/5.0 (Windows NT 10.0; Win64; x64) AppleWebKit/537.36 (KHTML, like Gecko) Chrome/104.0.0.0 Safari/537.36',1660380374),
(553,'Mozilla/5.0 (Windows NT 10.0; Win64; x64) AppleWebKit/537.36 (KHTML, like Gecko) Chrome/104.0.0.0 Safari/537.36',1660380389),
(554,'Mozilla/5.0 (Windows NT 10.0; Win64; x64) AppleWebKit/537.36 (KHTML, like Gecko) Chrome/104.0.0.0 Safari/537.36',1660380393);

/*Table structure for table `tb_sayur` */

DROP TABLE IF EXISTS `tb_sayur`;

CREATE TABLE `tb_sayur` (
  `id` int(11) NOT NULL AUTO_INCREMENT,
  `sayur` varchar(50) DEFAULT NULL,
  `gambar` varchar(255) DEFAULT 'assets/images/placeholder.png',
  `stok` int(11) NOT NULL DEFAULT 0,
  `harga` int(11) DEFAULT NULL,
  `keterangan` text DEFAULT NULL,
  `created_at` int(11) NOT NULL DEFAULT 0,
  `is_deleted` tinyint(1) NOT NULL DEFAULT 0,
  PRIMARY KEY (`id`)
) ENGINE=InnoDB AUTO_INCREMENT=19 DEFAULT CHARSET=utf8;

/*Data for the table `tb_sayur` */

insert  into `tb_sayur`(`id`,`sayur`,`gambar`,`stok`,`harga`,`keterangan`,`created_at`,`is_deleted`) values 
(9,'Kentang Segar','berkas/sayur/1659952420.jpg',55,25000,'Harga Perkg',0,0),
(10,'Brokoli','berkas/sayur/1659952386.jpg',6,12000,'Harga Perkg',0,0),
(11,'Cabe rawit merah','berkas/sayur/1659952459.jpg',9,20000,'Harga Perkg',0,0),
(12,'Buncis Lokal','berkas/sayur/1659960885.jpg',54,12000,'Harga Perpack',0,0),
(13,'Bayan Hijau','berkas/sayur/1659960933.jpg',46,8000,'Harga perikat',0,0),
(14,'Daun Bawang','berkas/sayur/1659961022.jpg',40,5000,'Harga Perikat',0,0),
(15,'Bunga Kol','berkas/sayur/1659961090.jpg',59,8000,'harga Perbuah',0,0),
(16,'Bit','berkas/sayur/1659961181.jpg',27,25000,'Harga Perpack',0,0),
(17,'Bayam Merah','berkas/sayur/1659961268.jpg',30,12000,'Harga Perkantung',0,0),
(18,'Lobak Putih','berkas/sayur/1659961381.jpg',42,15500,'Harga Perkantung',0,0);

/*Table structure for table `tb_settings` */

DROP TABLE IF EXISTS `tb_settings`;

CREATE TABLE `tb_settings` (
  `key` varchar(30) COLLATE utf8mb4_unicode_ci NOT NULL,
  `value` text COLLATE utf8mb4_unicode_ci NOT NULL,
  `desc` text COLLATE utf8mb4_unicode_ci DEFAULT NULL,
  `created_at` int(11) NOT NULL DEFAULT 0,
  `modified_at` int(11) NOT NULL DEFAULT 0,
  `is_deleted` tinyint(1) NOT NULL DEFAULT 0,
  PRIMARY KEY (`key`)
) ENGINE=InnoDB DEFAULT CHARSET=utf8mb4 COLLATE=utf8mb4_unicode_ci;

/*Data for the table `tb_settings` */

insert  into `tb_settings`(`key`,`value`,`desc`,`created_at`,`modified_at`,`is_deleted`) values 
('mailer_alias','Toko Sayur Indonesia',NULL,1653641032,0,0),
('mailer_host','smtp.gmail.com',NULL,1653641032,0,0),
('mailer_mode','0',NULL,1653641032,0,0),
('mailer_password','iifyzefowfvvppkk',NULL,1653641032,0,0),
('mailer_port','587',NULL,1653641032,0,0),
('mailer_username','ngodingin.indonesia@gmail.com\r\n',NULL,1653641032,0,0),
('web_desc','This is Base Project Template',NULL,1653641032,0,0),
('web_icon','favicon.ico',NULL,1653641032,0,0),
('web_logo','favicon.ico',NULL,1653641032,0,0),
('web_title','Toko Sayur 02',NULL,1653641032,0,0);

/*Table structure for table `tb_user` */

DROP TABLE IF EXISTS `tb_user`;

CREATE TABLE `tb_user` (
  `user_id` int(11) DEFAULT NULL,
  `nama` varchar(100) DEFAULT NULL,
  `profil` varchar(255) DEFAULT 'assets/images/profile.png',
  `no_telp` varchar(20) DEFAULT NULL,
  `alamat` text DEFAULT NULL,
  KEY `user_id` (`user_id`)
) ENGINE=InnoDB DEFAULT CHARSET=utf8;

/*Data for the table `tb_user` */

insert  into `tb_user`(`user_id`,`nama`,`profil`,`no_telp`,`alamat`) values 
(5,'Ngodingin Indonesia','assets/images/profile.png','085785111746',NULL),
(6,'Mahendra Dwi Purwanto','assets/images/profile.png','085785111746',NULL),
(7,'kiki','assets/images/profile.png','08773789009','Sleman, Yogyakarta'),
(8,'fajar','assets/images/profile.png','08736484972','Karangkembang,Klaten'),
(9,'wahyu ','assets/images/profile.png','085627827827','Sleman'),
(10,'titi','assets/images/profile.png','087636333332','Kota Madya '),
(11,'Bayu','assets/images/profile.png','085372678279','Gg.Gading, Palaggan'),
(12,'aris','assets/images/profile.png','0898267266','Turi, Sleman'),
(13,'eci','assets/images/profile.png','085725999862','Sinduadi, sleman'),
(14,'rika','assets/images/profile.png','085736635473','Gg.Mawar, Condongcatur'),
(15,'ahmad','assets/images/profile.png','089619527130','Sinduadi,Sleman'),
(16,'anang budi s','assets/images/profile.png','08726252622','sleman'),
(17,'rahmaad','assets/images/profile.png','0876443332','turi');

/*!40101 SET SQL_MODE=@OLD_SQL_MODE */;
/*!40014 SET FOREIGN_KEY_CHECKS=@OLD_FOREIGN_KEY_CHECKS */;
/*!40014 SET UNIQUE_CHECKS=@OLD_UNIQUE_CHECKS */;
/*!40111 SET SQL_NOTES=@OLD_SQL_NOTES */;
